{"coco/AP": 0.759037162885508, "coco/AP .5": 1.0, "coco/AP .75": 0.96982555398397, "coco/AP (M)": -1.0, "coco/AP (L)": 0.759037162885508, "coco/AR": 0.7761904761904761, "coco/AR .5": 1.0, "coco/AR .75": 0.9761904761904762, "coco/AR (M)": -1.0, "coco/AR (L)": 0.7761904761904761, "PCK": 0.9705215419501133, "AUC": 0.12715419501133784, "NME": 0.0409272209046379, "data_time": 8.60886279741923, "time": 9.907290816307068}