{"base_lr": 4e-08, "lr": 4e-08, "data_time": 38.75748133659363, "loss": 0.4220372140407562, "loss_kpt": 0.4220372140407562, "acc_pose": 0.004464285714285714, "time": 47.364790201187134, "epoch": 1, "iter": 1, "memory": 1613, "step": 1}
{"base_lr": 0.0002105642105263158, "lr": 0.0002105642105263158, "data_time": 32.80627512931824, "loss": 0.4220932126045227, "loss_kpt": 0.4220932126045227, "acc_pose": 0.01488095238095238, "time": 37.17946648597717, "epoch": 1, "iter": 2, "memory": 1658, "step": 2}
