{"coco/AP": 0.7465057592144776, "coco/AP .5": 1.0, "coco/AP .75": 0.9702970297029703, "coco/AP (M)": -1.0, "coco/AP (L)": 0.7465057592144776, "coco/AR": 0.7928571428571429, "coco/AR .5": 1.0, "coco/AR .75": 0.9761904761904762, "coco/AR (M)": -1.0, "coco/AR (L)": 0.7928571428571429, "PCK": 0.9773242630385487, "AUC": 0.14665532879818594, "NME": 0.03919634310836965, "data_time": 8.518912394841513, "time": 9.083391149838766}